{"cameraMode":{"drawMode":0,"name":"Shaded","section":"Shading Mode"},"sceneLighting":false,"audioPlay":false,"sceneViewState":{"showFog":true,"showMaterialUpdate":false,"showSkybox":true,"showFlares":true,"showImageEffects":true,"showParticleSystems":true},"in2DMode":false,"pivot":{"x":7.179277420043945,"y":0.8462743759155273,"z":6.260955810546875},"rotation":{"x":-0.2255028784275055,"y":-0.39329686760902407,"z":0.10013670474290848,"w":-0.8856854438781738},"size":24.15530014038086,"orthographic":false}