{"cameraMode":{"drawMode":0,"name":"Shaded","section":"Shading Mode"},"sceneLighting":true,"audioPlay":false,"sceneViewState":{"showFog":true,"showMaterialUpdate":false,"showSkybox":true,"showFlares":true,"showImageEffects":true,"showParticleSystems":true},"in2DMode":false,"pivot":{"x":-4.00058650970459,"y":1.1912765502929688,"z":0.22098767757415772},"rotation":{"x":0.22933058440685273,"y":-0.6114296317100525,"z":0.19136054813861848,"w":0.7327636480331421},"size":1.7775038480758668,"orthographic":true}